<?xml version="1.0" encoding="UTF-8"?>
<project-private xmlns="http://www.netbeans.org/ns/project-private/1">
    <editor-bookmarks xmlns="http://www.netbeans.org/ns/editor-bookmarks/2" lastBookmarkId="0"/>
    <open-files xmlns="http://www.netbeans.org/ns/projectui-open-files/2">
        <group>
            <file>file:/C:/Users/touha/OneDrive/Documents/NetBeansProjects/Chiffrement/src/Vignére.java</file>
            <file>file:/C:/Users/touha/OneDrive/Documents/NetBeansProjects/Chiffrement/src/César.java</file>
            <file>file:/C:/Users/touha/OneDrive/Documents/NetBeansProjects/Chiffrement/src/Chiffrement.java</file>
            <file>file:/C:/Users/touha/OneDrive/Documents/NetBeansProjects/Chiffrement/src/chiffrement/Chiffrement.java</file>
            <file>file:/C:/Users/touha/OneDrive/Documents/NetBeansProjects/Chiffrement/src/Affine.java</file>
        </group>
    </open-files>
</project-private>
